,paper_id,target,type
0,https://openalex.org/W3171084197,Ali Akbar Merati,author
1,https://openalex.org/W3171084197,"Textile Engineering Department, Advanced Textile Materials and Technology (ATMT) Research Institute, Amirkabir University of Technology, Tehran, Iran",institution
2,https://openalex.org/W3171084197,IR,country
3,https://openalex.org/W3171084197,materials,keyword
4,https://openalex.org/W2045022847,E. F. Vainstein,author
5,https://openalex.org/W2045022847,"N. M. Emanuel Institute of Biochemical Physics of Russian Academy of Science , Moscow, Russia",institution
6,https://openalex.org/W2045022847,RU,country
7,https://openalex.org/W2045022847,smart materials,keyword
8,https://openalex.org/W4317885483,Claire Mary Savio,author
9,https://openalex.org/W4317885483,"Amity University,Department of Engineering and Technology,Duba,United Arab Emirates,",institution
10,https://openalex.org/W4317885483,AE,country
11,https://openalex.org/W4317885483,Ishu Sharma,author
12,https://openalex.org/W4317885483,"Amity University,Department of Engineering and Technology,,Duba,United Arab Emirates,",institution
14,https://openalex.org/W4317885483,smart materials,keyword
15,https://openalex.org/W4317885483,technology,keyword
16,https://openalex.org/W2087230389,Boris N. Ugolev,author
17,https://openalex.org/W2087230389,"Moscow State Forest University, Moscow Reg., Russia",institution
18,https://openalex.org/W2087230389,RU,country
19,https://openalex.org/W2087230389,natural smart material,keyword
20,https://openalex.org/W2087230389,wood,keyword
21,https://openalex.org/W2740026211,Xiaowen Yu,author
22,https://openalex.org/W2740026211,"Department of Chemistry, Tsinghua University,",institution
23,https://openalex.org/W2740026211,CN,country
24,https://openalex.org/W2740026211,Huhu Cheng,author
25,https://openalex.org/W2740026211,"Key Laboratory for Advanced Materials Processing Technology, Ministry of Education of China, Tsinghua University,",institution
27,https://openalex.org/W2740026211,Miao Zhang,author
30,https://openalex.org/W2740026211,Yang Zhao,author
31,https://openalex.org/W2740026211,"Beijing Key Laboratory of Photoelectronic/Electrophotonic Conversion Materials, Key Laboratory of Cluster Science, Ministry of Education, School of Chemistry, Beijing Institute of Technology, Beijing",institution
33,https://openalex.org/W2740026211,Liangti Qu,author
34,https://openalex.org/W2740026211,"Beijing Key Laboratory of Photoelectronic/Electrophotonic Conversion Materials, Key Laboratory of Cluster Science, Ministry of Education, School of Chemistry, Beijing Institute of Technology, Beijing; Key Laboratory for Advanced Materials Processing Technology, Ministry of Education of China, Tsinghua University,",institution
36,https://openalex.org/W2740026211,Gaoquan Shi,author
39,https://openalex.org/W2740026211,smart materials,keyword
40,https://openalex.org/W2740026211,graphene-based,keyword
41,https://openalex.org/W4283329449,Manila Mallik,author
42,https://openalex.org/W4283329449,,institution
43,https://openalex.org/W4283329449,3d printing,keyword
44,https://openalex.org/W4283329449,materials,keyword
45,https://openalex.org/W3194139872,Meng Su,author
46,https://openalex.org/W3194139872,"Key Laboratory of Green Printing, Institute of Chemistry, Chinese Academy of Sciences, Beijing Engineering Research Center of Nanomaterials for Green Printing Technology, Beijing National Laboratory for Molecular Sciences (BNLMS), Zhongguancun North First Street 2, 100190 Beijing, P. R. China; University of Chinese Academy of Sciences, Yuquan Road no.19A, 100049 Beijing, P. R. China",institution
47,https://openalex.org/W3194139872,CN,country
48,https://openalex.org/W3194139872,Yanlin Song,author
51,https://openalex.org/W3194139872,printable smart materials,keyword
52,https://openalex.org/W3194139872,devices,keyword
53,https://openalex.org/W4307574590,Zhiting Wei,author
54,https://openalex.org/W4307574590,School of Light Industry and Food Engineering Guangxi University  Nanning 530004 P. R. China,institution
55,https://openalex.org/W4307574590,CN,country
56,https://openalex.org/W4307574590,Jinlong Wang,author
59,https://openalex.org/W4307574590,Yanhua Liu,author
62,https://openalex.org/W4307574590,Jinxia Yuan,author
65,https://openalex.org/W4307574590,Tao Liu,author
68,https://openalex.org/W4307574590,Guoli Du,author
71,https://openalex.org/W4307574590,Siqiyuan Zhu,author
74,https://openalex.org/W4307574590,Shuangxi Nie,author
77,https://openalex.org/W4307574590,sustainable triboelectric materials,keyword
78,https://openalex.org/W1982897964,Xiaoyun Qiu,author
79,https://openalex.org/W1982897964,"Department of Environmental Sciences and Engineering, College of Resources and Environmental Sciences, China Agricultural University, Beijing 100193, China.",institution
80,https://openalex.org/W1982897964,CN,country
81,https://openalex.org/W1982897964,Shuwen Hu,author
82,https://openalex.org/W1982897964,"Department of Environmental Sciences & Engineering, College of Resources & Environmental Sciences, China Agricultural University, Beijing 100193, China",institution
84,https://openalex.org/W1982897964,cellulose,keyword
85,https://openalex.org/W1982897964,materials,keyword
86,https://openalex.org/W4200091676,Wei Wang,author
87,https://openalex.org/W4200091676,School of Chemical Engineering Sichuan University  Chengdu Sichuan 610065 China,institution
88,https://openalex.org/W4200091676,CN,country
89,https://openalex.org/W4200091676,Ping‐Fan Li,author
92,https://openalex.org/W4200091676,Rui Xie,author
95,https://openalex.org/W4200091676,Xiao‐Jie Ju,author
98,https://openalex.org/W4200091676,Zhuang Liu,author
101,https://openalex.org/W4200091676,Liang‐Yin Chu,author
104,https://openalex.org/W4200091676,materials,keyword
105,https://openalex.org/W4200091676,micro‐/nano‐structured,keyword
107,https://openalex.org/W2048478319,Abbas Amini,author
108,https://openalex.org/W2048478319,"Sharif University of Technology, Tehran, Iran",institution
109,https://openalex.org/W2048478319,IR,country
110,https://openalex.org/W2048478319,Hamid Mehdigholi,author
113,https://openalex.org/W2048478319,Mohammad Elahinia,author
114,https://openalex.org/W2048478319,"Toledo University, Toledo, OH",institution
115,https://openalex.org/W2048478319,US,country
116,https://openalex.org/W2048478319,materials,keyword
117,https://openalex.org/W2048478319,smart,keyword
118,https://openalex.org/W4385893892,D. Rahmatabadi,author
119,https://openalex.org/W4385893892,"School of Mechanical Engineering, College of Engineering, University of Tehran, Tehran, Iran",institution
120,https://openalex.org/W4385893892,IR,country
121,https://openalex.org/W4385893892,A. Bayati,author
124,https://openalex.org/W4385893892,M. Abedini,author
127,https://openalex.org/W4385893892,E. Soleyman,author
130,https://openalex.org/W4385893892,I. Ghasemi,author
131,https://openalex.org/W4385893892,"Faculty of Processing, Iran Polymer and Petrochemical Institute, Tehran, Iran",institution
133,https://openalex.org/W4385893892,M. Baniassadi,author
136,https://openalex.org/W4385893892,K. Abrinia,author
139,https://openalex.org/W4385893892,M. Baghani,author
142,https://openalex.org/W4385893892,shape memory materials,keyword
143,https://openalex.org/W4385893892,4d printing,keyword
144,https://openalex.org/W4385893892,pharmaceutics,keyword
145,https://openalex.org/W3033402837,Lin Tang,author
146,https://openalex.org/W3033402837,"School of Materials Science and Engineering, Tianjin University, Tianjin 300350, PR China",institution
147,https://openalex.org/W3033402837,CN,country
148,https://openalex.org/W3033402837,Ling Wang,author
151,https://openalex.org/W3033402837,Xiao Yang,author
154,https://openalex.org/W3033402837,Yiyu Feng,author
155,https://openalex.org/W3033402837,"Key Laboratory of Advanced Ceramics and Machining Technology, Ministry of Education, Tianjin 300350, PR China; School of Materials Science and Engineering, Tianjin University, Tianjin 300350, PR China",institution
157,https://openalex.org/W3033402837,Yu Li,author
160,https://openalex.org/W3033402837,Wei Feng,author
161,https://openalex.org/W3033402837,"Key Laboratory of Advanced Ceramics and Machining Technology, Ministry of Education, Tianjin 300350, PR China; Key Laboratory of Materials Processing and Mold, Ministry of Education, Zhengzhou University, Zhengzhou 450002, PR China; School of Materials Science and Engineering, Tianjin University, Tianjin 300350, PR China; Tianjin Key Laboratory of Composite and Functional Materials, Tianjin 300350, PR China",institution
163,https://openalex.org/W3033402837,smart hydrogels,keyword
164,https://openalex.org/W3033402837,n-isopropylacrylamide,keyword
165,https://openalex.org/W2897868538,Ke Zhang,author
166,https://openalex.org/W2897868538,"Department of Advanced Oral Sciences and Therapeutics, University of Maryland Dental School, Baltimore, USA; Department of Orthodontics, School of Stomatology, Capital Medical University, Beijing, China",institution
167,https://openalex.org/W2897868538,CN,country
168,https://openalex.org/W2897868538,US,country
169,https://openalex.org/W2897868538,Suping Wang,author
170,https://openalex.org/W2897868538,"Department of Advanced Oral Sciences and Therapeutics, University of Maryland Dental School, Baltimore, USA; State Key Laboratory of Oral Diseases & National Clinical Research Center for Oral Diseases & Deptartment of Cariology and Endodonics West China Hospital of Stomatology, Sichuan University, Chengdu, China",institution
173,https://openalex.org/W2897868538,Chenchen Zhou,author
174,https://openalex.org/W2897868538,"3State Key Laboratory of Oral Diseases & National Clinical Research Center for Oral Diseases & Deptartment of Cariology and Endodonics West China Hospital of Stomatology, Sichuan University, Chengdu, China.",institution
176,https://openalex.org/W2897868538,Lei Cheng,author
180,https://openalex.org/W2897868538,Xianling Gao,author
181,https://openalex.org/W2897868538,"Department of Advanced Oral Sciences and Therapeutics, University of Maryland Dental School, Baltimore, USA; Department of Operative Dentistry and Endodontics, Guanghua School of Stomatology, Sun Yat-sen University, Guangdong Provincial Key Laboratory of Stomatology, Guangzhou, China",institution
184,https://openalex.org/W2897868538,Xianju Xie,author
188,https://openalex.org/W2897868538,Jirun Sun,author
189,https://openalex.org/W2897868538,"5Volpe Research Center, American Dental Association Foundation, National Institute of Standards and Technology, Gaithersburg, MD USA.",institution
191,https://openalex.org/W2897868538,Haohao Wang,author
195,https://openalex.org/W2897868538,Michael D Weir,author
196,https://openalex.org/W2897868538,"2Department of Advanced Oral Sciences and Therapeutics, University of Maryland Dental School, Baltimore, MD USA.",institution
198,https://openalex.org/W2897868538,Mark A Reynolds,author
201,https://openalex.org/W2897868538,Ning Zhang,author
205,https://openalex.org/W2897868538,Yuxing Bai,author
206,https://openalex.org/W2897868538,"1Department of Orthodontics, School of Stomatology, Capital Medical University, Beijing, China.",institution
208,https://openalex.org/W2897868538,Hockin H K Xu,author
209,https://openalex.org/W2897868538,"Marlene and Stewart Greenebaum Cancer Center, University of Maryland School of Medicine, Baltimore, USA",institution
211,https://openalex.org/W2897868538,advanced smart biomaterials,keyword
212,https://openalex.org/W2897868538,hard tissue engineering,keyword
213,https://openalex.org/W2897868538,tissue engineering,keyword
214,https://openalex.org/W4385812590,Hujun Wang,author
215,https://openalex.org/W4385812590,"School of Applied Technology, China University of Labor Relations, Beijing 100048, China",institution
216,https://openalex.org/W4385812590,CN,country
217,https://openalex.org/W4385812590,Jinqiu Zhao,author
220,https://openalex.org/W4385812590,Zhuo Luo,author
223,https://openalex.org/W4385812590,Zhenkun Li,author
224,https://openalex.org/W4385812590,"School of Mechanical, Electronic and Control Engineering, Beijing Jiaotong University, Beijing 100044, China",institution
226,https://openalex.org/W4385812590,4d printing technology,keyword
227,https://openalex.org/W4385812590,controlled smart materials,keyword
228,https://openalex.org/W3115355951,Qin Liu,author
229,https://openalex.org/W3115355951,"School of Civil Engineering, Chang’an University, Xi’an 710064, China",institution
230,https://openalex.org/W3115355951,CN,country
231,https://openalex.org/W3115355951,Jiankun Guo,author
234,https://openalex.org/W3115355951,Lei Liu,author
237,https://openalex.org/W3115355951,Kunpeng Huang,author
240,https://openalex.org/W3115355951,Wei Tian,author
243,https://openalex.org/W3115355951,Xinzhi Li,author
244,https://openalex.org/W3115355951,"State Key Laboratory of Mechanical Behavior and System Safety of Traffic Engineering Structures, Shijiazhuang Tiedao University, Shijiazhuang 050043, China",institution
246,https://openalex.org/W3115355951,tunnel,keyword
247,https://openalex.org/W3115355951,steel-plastic,keyword
248,https://openalex.org/W2906884559,V I Travush,author
249,https://openalex.org/W2906884559,"Russian Academy of Architecture and Construction Sciences, 24, ul. Bolshaya Dmitrovka, Moscow, 107031, Russia; Urban Planning Institute of Residential and Public Buildings, 5, Bldg 5A, Nizhnyi Susal'nyi lane, Moscow, 105064, Russia",institution
250,https://openalex.org/W2906884559,RU,country
251,https://openalex.org/W2906884559,A M Belostosky,author
252,https://openalex.org/W2906884559,"Department of Building Constructions and Computational Mechanics, Perm National Research Polytechnic University, 29, Komsomolsky prospekt, Perm, 614990, Russia; Department of Civil Engineering, Peoples' Friendship University of Russia, 6, Miklukho-Maklaya str., Moscow, 117198, Russia; Department of Structural Mechanics, Tomsk State University of Architecture and Building, 2, Solyanaya sq., Tomsk, 634003, Russia; Department of Structures, Buildings and Facilities, Russian University of Transport (RUT – MIIT), 9b9, Obrazcova Street, Noscow, 127994, Russia; Research & Development Centre StaDyO, office 810, 18, 3ya Ulitsa Yamskogo Polya, Moscow, 125040, Russia",institution
254,https://openalex.org/W2906884559,P A Akimov,author
255,https://openalex.org/W2906884559,"Department of Civil Engineering, Peoples' Friendship University of Russia, 6, Miklukho-Maklaya str., Moscow, 117198, Russia; Department of Structural Mechanics, Tomsk State University of Architecture and Building, 2, Solyanaya sq., Tomsk, 634003, Russia; Research & Development Centre StaDyO, office 810, 18, 3ya Ulitsa Yamskogo Polya, Moscow, 125040, Russia; Russian Academy of Architecture and Construction Sciences, 24, ul. Bolshaya Dmitrovka, Moscow, 107031, Russia",institution
257,https://openalex.org/W2906884559,construction operations,keyword
258,https://openalex.org/W2906884559,construction part,keyword
259,https://openalex.org/W2906884559,technologies,keyword
260,https://openalex.org/W2906884559,material sciences,keyword
261,https://openalex.org/W2471670862,Steven K. Leist,author
262,https://openalex.org/W2471670862,"Mechanical Engineering and Mechanics Department, Drexel University, Philadelphia, PA, USA",institution
263,https://openalex.org/W2471670862,US,country
264,https://openalex.org/W2471670862,Jack Zhou,author
267,https://openalex.org/W2471670862,4d printing technology,keyword
268,https://openalex.org/W2471670862,smart materials,keyword
269,https://openalex.org/W2471670862,light-reactive,keyword
270,https://openalex.org/W4221132619,Dong Yan,author
271,https://openalex.org/W4221132619,"State Key Laboratory of Medicinal Chemical Biology, College of Chemistry, Key Laboratory of Advanced Energy Materials Chemistry, Ministry of Education, and Renewable Energy Conversion and Storage Center, Frontiers Science Center for New Organic Matter, Nankai University, Tianjin 300071, China",institution
272,https://openalex.org/W4221132619,CN,country
273,https://openalex.org/W4221132619,Zhifang Wang,author
276,https://openalex.org/W4221132619,Zhenjie Zhang,author
279,https://openalex.org/W4221132619,materials,keyword
280,https://openalex.org/W4221132619,rational design,keyword
281,https://openalex.org/W4221132619,stimuli-responsive,keyword
282,https://openalex.org/W2144889722,Sahereh Mehrabian,author
283,https://openalex.org/W2144889722,Islamic Azad University,institution
284,https://openalex.org/W2144889722,IR,country
285,https://openalex.org/W2144889722,Golzar Younesi,author
286,https://openalex.org/W2144889722,Islamic Azad University of Karaj,institution
288,https://openalex.org/W2144889722,TG,country
289,https://openalex.org/W2144889722,Farzan Rasoulzadeh,author
293,https://openalex.org/W2144889722,building,keyword
294,https://openalex.org/W2144889722,materials,keyword
295,https://openalex.org/W3042662628,Hua Zhang,author
296,https://openalex.org/W3042662628,"Key Laboratory of Xinjiang Phytomedicine Resources and Utilization of Ministry of Education, School of Pharmacy, Shihezi University, Shihezi, 832000, China.",institution
297,https://openalex.org/W3042662628,CN,country
298,https://openalex.org/W3042662628,Taojian Fan,author
299,https://openalex.org/W3042662628,"Shenzhen Engineering Laboratory of Phosphorene and Optoelectronics, Collaborative Innovation Center for Optoelectronic Science &Technology, International Collaborative Laboratory of 2D Materials for Optoelectronics Science and Technology of Ministry of Education, Shenzhen University, Shenzhen, 518060, China",institution
301,https://openalex.org/W3042662628,Wen Chen,author
302,https://openalex.org/W3042662628,"Key Laboratory of Xinjiang Phytomedicine Resources and Utilization of Ministry of Education, School of Pharmacy, Shihezi University, Shihezi, 832000, China",institution
304,https://openalex.org/W3042662628,Yingchun Li,author
307,https://openalex.org/W3042662628,Bing Wang,author
310,https://openalex.org/W3042662628,two-dimensional,keyword
311,https://openalex.org/W3042662628,nano-systems,keyword
312,https://openalex.org/W3080222366,Gabriele Centi,author
313,https://openalex.org/W3080222366,"Department of MIFT, University of Messina, Messina, Italy; ERIC aisbl, Bruxelles, Belgium; School of Chemical Engineering and Technology, Tianjin University, China",institution
314,https://openalex.org/W3080222366,CN,country
315,https://openalex.org/W3080222366,IT,country
316,https://openalex.org/W3080222366,smart catalytic materials,keyword
317,https://openalex.org/W3080222366,energy,keyword
318,https://openalex.org/W3080222366,transition,keyword
319,https://openalex.org/W3149512922,Reza Eslami‐Farsani,author
320,https://openalex.org/W3149512922,"Faculty of Materials Science and Engineering K. N. Toosi University of Technology, No. 7, Pardis St., Mollasadra Ave., Vanak Sq. Tehran Iran",institution
321,https://openalex.org/W3149512922,IR,country
322,https://openalex.org/W3149512922,Hossein Ebrahimnezhad‐Khaljiri,author
325,https://openalex.org/W2395787148,R. Amrollahipour,author
326,https://openalex.org/W2395787148,Isfahan University of Technology,institution
327,https://openalex.org/W2395787148,IR,country
328,https://openalex.org/W2395787148,M. Kadkhodaei,author
331,https://openalex.org/W2395787148,P. Kameli,author
334,https://openalex.org/W2395787148,magnetomechanical characteristics,keyword
335,https://openalex.org/W2395787148,single crystals,keyword
336,https://openalex.org/W2395787148,ni-mn-ga,keyword
337,https://openalex.org/W2972432524,Rui Wang,author
338,https://openalex.org/W2972432524,"Key Laboratory of Advanced Energy Materials Chemistry (Ministry of Education), College of Chemistry, Nankai University, Tianjin, China",institution
339,https://openalex.org/W2972432524,CN,country
340,https://openalex.org/W2972432524,Minjie Yao,author
343,https://openalex.org/W2972432524,Zhiqiang Niu,author
346,https://openalex.org/W2972432524,smart supercapacitors,keyword
347,https://openalex.org/W2972432524,devices,keyword
348,https://openalex.org/W1988507630,Yujun Song,author
349,https://openalex.org/W1988507630,"Division of Biological Inorganic Chemistry, State Key Laboratory of Rare Earth Resource Utilization, Laboratory of Chemical Biology, Changchun, Jilin 130022, China; Graduate School of the Chinese Academy of Sciences, Changchun Institute of Applied Chemistry, Chinese Academy of Sciences, Changchun, Jilin 130022, China",institution
350,https://openalex.org/W1988507630,CN,country
351,https://openalex.org/W1988507630,Weili Wei,author
352,https://openalex.org/W1988507630,"Division of Biological Inorganic Chemistry, State Key Laboratory of Rare Earth Resource Utilization, Laboratory of Chemical Biology, Changchun, Jilin 130022, China",institution
354,https://openalex.org/W1988507630,Xiaogang Qu,author
357,https://openalex.org/W3172820237,Shifa Wang,author
358,https://openalex.org/W3172820237,"School of Electronic and Information Engineering, Chongqing Three Gorges University, Chongqing, Wanzhou, 404000, China",institution
359,https://openalex.org/W3172820237,CN,country
360,https://openalex.org/W3172820237,Shengnan Tang,author
363,https://openalex.org/W3172820237,Huajing Gao,author
364,https://openalex.org/W3172820237,"School of Electronic and Information Engineering, Chongqing Three Gorges University, Chongqing, Wanzhou, 404000, China; State Key Laboratory of Advanced Processing and Recycling of Non-ferrous Metals, Lanzhou University of Technology, Lanzhou, 730050, China",institution
366,https://openalex.org/W3172820237,Xiangyu Chen,author
369,https://openalex.org/W3172820237,Hao Liu,author
372,https://openalex.org/W3172820237,Chuan Yu,author
375,https://openalex.org/W3172820237,Zijuan Yin,author
378,https://openalex.org/W3172820237,Xinxin Zhao,author
381,https://openalex.org/W3172820237,Xudong Pan,author
384,https://openalex.org/W3172820237,Hua Yang,author
385,https://openalex.org/W3172820237,"State Key Laboratory of Advanced Processing and Recycling of Non-ferrous Metals, Lanzhou University of Technology, Lanzhou, 730050, China",institution
387,https://openalex.org/W3172820237,photoluminescence properties,keyword
388,https://openalex.org/W3172820237,photocatalysis,keyword
389,https://openalex.org/W3172820237,batio3/tio2,keyword
390,https://openalex.org/W4285226314,Mahdi Bodaghi,author
391,https://openalex.org/W4285226314,"Department of Engineering, School of Science and Technology, Nottingham Trent University, Nottingham, United Kingdom",institution
392,https://openalex.org/W4285226314,GB,country
393,https://openalex.org/W4285226314,Ali Zolfagharian,author
394,https://openalex.org/W4285226314,"School of Engineering, Deakin University, Geelong, VIC, Australia",institution
395,https://openalex.org/W4285226314,AU,country
396,https://openalex.org/W3161412322,Mahmood Alizadeh Sani,author
397,https://openalex.org/W3161412322,"Food Safety and Hygiene Division, School of Public Health, Tehran University of Medical Sciences, Tehran 1417614411, Iran.",institution
398,https://openalex.org/W3161412322,IR,country
399,https://openalex.org/W3161412322,Maryam Azizi-Lalabadi,author
400,https://openalex.org/W3161412322,"Research Center for Environmental Determinants of Health (RCEDH), Kermanshah University of Medical Sciences, Kermanshah 6719851552, Iran",institution
402,https://openalex.org/W3161412322,Milad Tavassoli,author
403,https://openalex.org/W3161412322,"Department of Food Science and Technology, Faculty of Nutrition and Food Sciences, Tabriz University of Medical Sciences, Tabriz 5166614711, Iran",institution
405,https://openalex.org/W3161412322,Keyhan Mohammadi,author
406,https://openalex.org/W3161412322,"Department of Clinical Pharmacy, Faculty of Pharmacy, Tehran University of Medical Sciences, Tehran 1417614411, Iran",institution
408,https://openalex.org/W3161412322,David Julian McClements,author
409,https://openalex.org/W3161412322,"Department of Food Science, University of Massachusetts Amherst, Amherst, MA 01003, USA",institution
410,https://openalex.org/W3161412322,US,country
411,https://openalex.org/W3161412322,biodegradable,keyword
412,https://openalex.org/W3161412322,packaging,keyword
413,https://openalex.org/W2159877694,Mohammad Mehdi Moulaii,author
414,https://openalex.org/W2159877694,"PhD Candidate, Department of Architecture, Faculty of Art, University of Tarbiat Modares(Jalal Ale Ahmad St, Tehran, Iran)",institution
415,https://openalex.org/W2159877694,IR,country
416,https://openalex.org/W2159877694,Mohammad Reza Bemanian,author
417,https://openalex.org/W2159877694,"Associate Professor, Department of Architecture, Faculty of Art, University of Tarbiat Modares(Jalal Ale Ahmad St, Tehran, Iran)",institution
419,https://openalex.org/W2159877694,Mohammadjavad Mahdavinejad,author
420,https://openalex.org/W2159877694,"Assistant Professor, Department of Architecture, Faculty of Art, University of Tarbiat Modares(Jalal Ale Ahmad St, Tehran, Iran)",institution
422,https://openalex.org/W2159877694,Nima Mokary,author
423,https://openalex.org/W2159877694,"Postgraduate, Department of Architecture, Faculty of Art, Qazvin Islamic Azad University",institution
425,https://openalex.org/W2159877694,smart materials,keyword
426,https://openalex.org/W2159877694,more sustainable buildings,keyword
427,https://openalex.org/W2159877694,occupants,keyword
428,https://openalex.org/W3210228331,Fardin Nematzadeh,author
429,https://openalex.org/W3210228331,"Department of Materials Engineering, Faculty of Engineering, Arak University, Arak, Iran",institution
430,https://openalex.org/W3210228331,IR,country
431,https://openalex.org/W3210228331,smart stent behavior,keyword
432,https://openalex.org/W3210228331,peripheral artery performance,keyword
433,https://openalex.org/W3210228331,friction,keyword
434,https://openalex.org/W3210228331,material properties,keyword
435,https://openalex.org/W2970130461,Dönüs Tuncel,author
436,https://openalex.org/W2970130461,"Department of Chemistry, Bilkent University Ankara 06800 Turkey dtuncel@fen.bilkent.edu.tr",institution
437,https://openalex.org/W2970130461,TR,country
438,https://openalex.org/W2970130461,functional materials,keyword
439,https://openalex.org/W2970130461,cucurbituril-containing,keyword
440,https://openalex.org/W3192494376,Andrey Litnovsky,author
441,https://openalex.org/W3192494376,"Forschungszentrum Jülich GmbH, Institut für Energie und Klimaforschung, 52425 Jülich, Germany; Plasma Physics Department, Institute of Laser and Plasmas Technologies, National Research Nuclear University MEPhI, Kashirskoe sh., 31, 115409 Moscow, Russia",institution
442,https://openalex.org/W3192494376,DE,country
443,https://openalex.org/W3192494376,RU,country
444,https://openalex.org/W3192494376,Felix Klein,author
445,https://openalex.org/W3192494376,"Forschungszentrum Jülich GmbH, Institut für Energie und Klimaforschung, 52425 Jülich, Germany",institution
447,https://openalex.org/W3192494376,Xiaoyue Tan,author
448,https://openalex.org/W3192494376,"Forschungszentrum Jülich GmbH, Institut für Energie und Klimaforschung, 52425 Jülich, Germany; School of Materials Science and Engineering, Hefei University of Technology, Hefei 230009, China",institution
449,https://openalex.org/W3192494376,CN,country
451,https://openalex.org/W3192494376,Janina Ertmer,author
452,https://openalex.org/W3192494376,"Department of Applied Physics, Ghent University, 9000 Ghent, Belgium; Forschungszentrum Jülich GmbH, Institut für Energie und Klimaforschung, 52425 Jülich, Germany",institution
453,https://openalex.org/W3192494376,BE,country
455,https://openalex.org/W3192494376,Jan W. Coenen,author
456,https://openalex.org/W3192494376,"Department of Engineering Physics, University of Wisconsin–Madison, Madison, WI 53706, USA; Forschungszentrum Jülich GmbH, Institut für Energie und Klimaforschung, 52425 Jülich, Germany",institution
458,https://openalex.org/W3192494376,US,country
459,https://openalex.org/W3192494376,Christian Linsmeier,author
462,https://openalex.org/W3192494376,Jesus Gonzalez-Julian,author
465,https://openalex.org/W3192494376,Martin Bram,author
468,https://openalex.org/W3192494376,Ivan Povstugar,author
469,https://openalex.org/W3192494376,"Forschungszentrum Jülich GmbH, Zentralinstitut für Engineering, Elektronik und Analytik, 52425 Jülich, Germany",institution
471,https://openalex.org/W3192494376,Thomas Morgan,author
472,https://openalex.org/W3192494376,"DIFFER—Dutch Institute for Fundamental Energy Research, De Zaale 20, 5612 AJ Eindhoven, The Netherlands",institution
473,https://openalex.org/W3192494376,NL,country
474,https://openalex.org/W3192494376,Yury M. Gasparyan,author
475,https://openalex.org/W3192494376,"Plasma Physics Department, Institute of Laser and Plasmas Technologies, National Research Nuclear University MEPhI, Kashirskoe sh., 31, 115409 Moscow, Russia",institution
477,https://openalex.org/W3192494376,Alexey Suchkov,author
478,https://openalex.org/W3192494376,"Department of Materials Science, Institute of Nuclear Physics and Engineering, National Research Nuclear University MEPhI, Kashirskoe sh., 31, 115409 Moscow, Russia",institution
480,https://openalex.org/W3192494376,Diana Bachurina,author
483,https://openalex.org/W3192494376,Duc Nguyen-Manh,author
484,https://openalex.org/W3192494376,"CCFE, United Kingdom Atomic Energy Authority, Culham Science Centre, Abingdon OX14 3DB, UK",institution
485,https://openalex.org/W3192494376,GB,country
486,https://openalex.org/W3192494376,Mark Gilbert,author
489,https://openalex.org/W3192494376,Damian Sobieraj,author
490,https://openalex.org/W3192494376,"Faculty of Materials Science and Engineering, Warsaw University of Technology, Wołoska 141, 02-507 Warsaw, Poland",institution
491,https://openalex.org/W3192494376,PL,country
492,https://openalex.org/W3192494376,Jan S. Wróbel,author
495,https://openalex.org/W3192494376,Elena Tejado,author
496,https://openalex.org/W3192494376,"Departamento de Ciencia de Materiales-CIME, Universidad Politécnica de Madrid, C/Profesor Aranguren 3, E28040 Madrid, Spain",institution
497,https://openalex.org/W3192494376,ES,country
498,https://openalex.org/W3192494376,Jiri Matejicek,author
499,https://openalex.org/W3192494376,"Institute of Plasma Physics of the Czech Academy of Sciences, Za Slovankou 3, 18200 Praha, Czech Republic",institution
500,https://openalex.org/W3192494376,CZ,country
501,https://openalex.org/W3192494376,Henning Zoz,author
502,https://openalex.org/W3192494376,"Zoz Group, Maltoz-Str., 57482 Wenden, Germany",institution
504,https://openalex.org/W3192494376,Hans Ulrich Benz,author
507,https://openalex.org/W3192494376,Pawel Bittner,author
510,https://openalex.org/W3192494376,Anicha Reuban,author
513,https://openalex.org/W3192494376,alloys,keyword
514,https://openalex.org/W3192494376,self-passivating,keyword
515,https://openalex.org/W3133157722,Abdul Hai,author
516,https://openalex.org/W3133157722,Department of Chemical Engineering Khalifa University of Science & Technology Abu Dhabi United Arab Emirates,institution
517,https://openalex.org/W3133157722,AE,country
518,https://openalex.org/W3133157722,K. Rambabu,author
521,https://openalex.org/W3133157722,Bharath Govindan,author
524,https://openalex.org/W3133157722,Fawzi Banat,author
527,https://openalex.org/W3133157722,Mu. Naushad,author
528,https://openalex.org/W3133157722,"Department of Chemistry, College of Science, King Saud University, Riyadh, Saudi Arabia; Yonsei Frontier Lab, Yonsei University, Seoul, South Korea",institution
529,https://openalex.org/W3133157722,KR,country
530,https://openalex.org/W3133157722,SA,country
531,https://openalex.org/W3133157722,smart polymeric composite membranes,keyword
532,https://openalex.org/W3133157722,wastewater,keyword
533,https://openalex.org/W3127268375,Amol N. Patil,author
534,https://openalex.org/W3127268375,"JSPM’s Jayawantrao Sawant College of Engineering Hadapsar, Pune, India",institution
535,https://openalex.org/W3127268375,IN,country
536,https://openalex.org/W3127268375,S.H. Sarje,author
537,https://openalex.org/W3127268375,"JSPM’s Imperial College of Engineering and Research, Wagholi, Pune, India",institution
539,https://openalex.org/W3127268375,additive manufacturing,keyword
540,https://openalex.org/W3127268375,changing/memory materials,keyword
541,https://openalex.org/W3127268375,shape,keyword
542,https://openalex.org/W3127268375,4d,keyword
543,https://openalex.org/W2924532152,Sai Wang,author
544,https://openalex.org/W2924532152,"Applied Chemistry Department, College of Material Science and Technology, Nanjing University of Aeronautics and Astronautics, Nanjing, China; China; College of Material Science and Technology; Nanjing",institution
545,https://openalex.org/W2924532152,BE,country
546,https://openalex.org/W2924532152,CN,country
547,https://openalex.org/W2924532152,Wei Gao,author
551,https://openalex.org/W2924532152,Xiao-Yu Hu,author
552,https://openalex.org/W2924532152,"Applied Chemistry Department, College of Material Science and Technology, Nanjing University of Aeronautics and Astronautics, Nanjing, China; China; College of Material Science and Technology; Key Laboratory of Mesoscopic Chemistry of MOE, Jiangsu Key Laboratory of Advanced Organic Materials, School of Chemistry and Chemical Engineering, Nanjing University, Nanjing, China; Nanjing",institution
555,https://openalex.org/W2924532152,Ying-Zhong Shen,author
559,https://openalex.org/W2924532152,Leyong Wang,author
560,https://openalex.org/W2924532152,"Jiangsu Key Laboratory of Advanced Organic Materials; Key Laboratory of Mesoscopic Chemistry of MOE, Jiangsu Key Laboratory of Advanced Organic Materials, School of Chemistry and Chemical Engineering, Nanjing University, Nanjing, China; Nanjing; School of Chemistry and Chemical Engineering",institution
562,https://openalex.org/W2924532152,US,country
563,https://openalex.org/W2924532152,supramolecular strategy,keyword
564,https://openalex.org/W1590627104,Iraj Etessam,author
565,https://openalex.org/W1590627104,,institution
566,https://openalex.org/W1590627104,Katayoon Taghizade,author
568,https://openalex.org/W1590627104,Masha Mehregan,author
569,https://openalex.org/W1590627104,"PhD Candidate, School of Architecture, Faculty of fine Arts, University of Tehran#R##N#Tehran",institution
570,https://openalex.org/W1590627104,IR,country
571,https://openalex.org/W1590627104,appropriate smart materials,keyword
572,https://openalex.org/W1590627104,selecting,keyword
573,https://openalex.org/W1590627104,dry climates,keyword
574,https://openalex.org/W1590627104,multi-criteria,keyword
575,https://openalex.org/W2889077839,Yuan Lu,author
576,https://openalex.org/W2889077839,"Guangzhou Institute of Energy Conversion, Key Laboratory of Renewable Energy, Guangdong Provincial Key Laboratory of New and Renewable Energy Research and Development, Chinese Academy of Sciences, Guangzhou 510640, PR China; University of Chinese Academy of Sciences, Beijing 100049, PR China",institution
577,https://openalex.org/W2889077839,CN,country
578,https://openalex.org/W2889077839,Xiudi Xiao,author
579,https://openalex.org/W2889077839,"Guangzhou Institute of Energy Conversion, Key Laboratory of Renewable Energy, Guangdong Provincial Key Laboratory of New and Renewable Energy Research and Development, Chinese Academy of Sciences, Guangzhou 510640, PR China",institution
581,https://openalex.org/W2889077839,Juan Fu,author
584,https://openalex.org/W2889077839,Changmeng Huan,author
587,https://openalex.org/W2889077839,Shuai Qi,author
588,https://openalex.org/W2889077839,"Guangzhou Institute of Energy Conversion, Key Laboratory of Renewable Energy, Guangdong Provincial Key Laboratory of New and Renewable Energy Research and Development, Chinese Academy of Sciences, Guangzhou 510640, PR China; Nano Science and Technology Institute, University of Science and Technology of China, Suzhou 215123, PR China",institution
590,https://openalex.org/W2889077839,Yongjun Zhan,author
593,https://openalex.org/W2889077839,Yanqing Zhu,author
596,https://openalex.org/W2889077839,Gang Xu,author
597,https://openalex.org/W2889077839,"Guangzhou Institute of Energy Conversion, Key Laboratory of Renewable Energy, Guangdong Provincial Key Laboratory of New and Renewable Energy Research and Development, Chinese Academy of Sciences, Guangzhou 510640, PR China; Tibet New Energy Research and Demonstration Centre, Lhasa, Tibet 850000, PR China",institution
599,https://openalex.org/W2889077839,novel smart textile,keyword
600,https://openalex.org/W2889077839,phase change materials,keyword
601,https://openalex.org/W2889077839,core-sheath,keyword
602,https://openalex.org/W3011377157,Tun Lin Aung,author
603,https://openalex.org/W3011377157,"Bauman Moscow State Technical University,BMSTU,Moscow,Russia",institution
604,https://openalex.org/W3011377157,RU,country
605,https://openalex.org/W3011377157,Valeriy Mikhailov,author
608,https://openalex.org/W3011377157,Alexey Bazinenkov,author
611,https://openalex.org/W3011377157,Alexey Kopylov,author
614,https://openalex.org/W3011377157,Dmitry Tovmachenko,author
617,https://openalex.org/W3011377157,active damper,keyword
618,https://openalex.org/W3011377157,control signal,keyword
619,https://openalex.org/W3011377157,amplitude-frequency,keyword
620,https://openalex.org/W3126976046,Carolina Montoya,author
621,https://openalex.org/W3126976046,"Department of Oral Health Sciences, Kornberg School of Dentistry, Temple University, Philadelphia, PA, 19140, USA.",institution
622,https://openalex.org/W3126976046,US,country
623,https://openalex.org/W3126976046,Yu Du,author
624,https://openalex.org/W3126976046,"Department of Endodontology, Kornberg School of Dentistry, Temple University, Philadelphia, USA; Guangdong Provincial Key Laboratory of Stomatology, Department of Operative Dentistry and Endodontics, Guanghua School of Stomatology, Affiliated Stomatological Hospital, Sun Yat‐sen University, Guangzhou, Guangdong, China",institution
625,https://openalex.org/W3126976046,CN,country
627,https://openalex.org/W3126976046,Anthony L Gianforcaro,author
628,https://openalex.org/W3126976046,"Bioengineering Department, College of Engineering, Temple University, Philadelphia, USA",institution
630,https://openalex.org/W3126976046,Santiago Orrego,author
631,https://openalex.org/W3126976046,"Department of Oral Health Sciences, Kornberg School of Dentistry, Temple University, Philadelphia, USA",institution
633,https://openalex.org/W3126976046,Maobin Yang,author
636,https://openalex.org/W3126976046,Peter I Lelkes,author
637,https://openalex.org/W3126976046,"Department of Endodontology, Kornberg School of Dentistry, Temple University, Philadelphia, USA",institution
639,https://openalex.org/W3126976046,smart biomaterials,keyword
640,https://openalex.org/W3126976046,bone research,keyword
641,https://openalex.org/W2891657030,Ali Akbar Merati,author
642,https://openalex.org/W2891657030,"Advanced Textile Materials and Technology Research Institute and Textile Engineering Department, Amirkabir University of Technology, Tehran, Iran",institution
643,https://openalex.org/W2891657030,IR,country
644,https://openalex.org/W2891657030,textiles,keyword
645,https://openalex.org/W2891657030,materials,keyword
646,https://openalex.org/W4233996751,Alimorad Rashidi,author
647,https://openalex.org/W4233996751,"Nanotechnology Research Center, Research Institute of Petroleum Industry, Tehran, Iran",institution
648,https://openalex.org/W4233996751,IR,country
649,https://openalex.org/W4233996751,Soheila Sharafinia,author
650,https://openalex.org/W4233996751,"Department of Chemistry, Faculty of Science, Shahid Chamran University of Ahvaz, Ahvaz, Iran",institution
652,https://openalex.org/W4233996751,smart materials,keyword
653,https://openalex.org/W4233996751,gas industry,keyword
654,https://openalex.org/W4233996751,oil,keyword
655,https://openalex.org/W4327699019,Sepideh Ahmadi,author
656,https://openalex.org/W4327699019,"Department of Medical Biotechnology, School of Advanced Technologies in Medicine, Shahid Beheshti University of Medical Sciences, Tehran 19857-17443, Iran",institution
657,https://openalex.org/W4327699019,IR,country
658,https://openalex.org/W4327699019,Yousef Fatahi,author
659,https://openalex.org/W4327699019,"Department of Pharmaceutical Nanotechnology, Faculty of Pharmacy, Tehran University of Medical Sciences, Tehran, Iran",institution
661,https://openalex.org/W4327699019,Moein Safarkhani,author
662,https://openalex.org/W4327699019,"Department of Chemistry, Sharif University of Technology, Tehran, Iran",institution
664,https://openalex.org/W4327699019,Mohammad Rabiee,author
665,https://openalex.org/W4327699019,"Biomaterial group, Department of Biomedical Engineering, Amirkabir University of Technology, Tehran, Iran",institution
667,https://openalex.org/W4327699019,Majid Ebrahimi Warkiani,author
668,https://openalex.org/W4327699019,"School of Biomedical Engineering, University of Technology Sydney, Sydney, New South Wales 2007, Australia",institution
669,https://openalex.org/W4327699019,AU,country
670,https://openalex.org/W4327699019,Navid Rabiee,author
671,https://openalex.org/W4327699019,"Department of Materials Science and Engineering, Pohang University of Science and Technology (POSTECH), 77 Cheongam-ro, Nam-gu, Pohang, Gyeongbuk 37673, South Korea",institution
672,https://openalex.org/W4327699019,KR,country
673,https://openalex.org/W4327699019,materials,keyword
674,https://openalex.org/W4327699019,electric-responsive,keyword
675,https://openalex.org/W3092334647,Rustam Zakirullin,author
676,https://openalex.org/W3092334647,"Orenburg State University, 13 Prospect Pobedy, Orenburg, 460018, Russia",institution
677,https://openalex.org/W3092334647,RU,country
678,https://openalex.org/W3092334647,Irina Odenbakh,author
681,https://openalex.org/W3092334647,optical filters,keyword
682,https://openalex.org/W3092334647,chromogenic materials,keyword
683,https://openalex.org/W4366256808,Peiren Liu,author
684,https://openalex.org/W4366256808,KAUST: King Abdullah University of Science and Technology Chemistry  SAUDI ARABIA,institution
685,https://openalex.org/W4366256808,SA,country
686,https://openalex.org/W4366256808,Fang Fang,author
689,https://openalex.org/W4366256808,Haochen Wang,author
692,https://openalex.org/W4366256808,Niveen M. Khashab,author
693,https://openalex.org/W4366256808,"Smart Hybrid Materials (SHMs) Laboratory, Advanced Membranes and Porous Materials Center, Physical Science and Engineering Division, King Abdullah University of Science and Technology (KAUST), Thuwal, 23955-6900 Saudi Arabia",institution
695,https://openalex.org/W4366256808,synthetic host molecules,keyword
696,https://openalex.org/W4366256808,host–guest chemistry,keyword
697,https://openalex.org/W4366256808,materials,keyword
698,https://openalex.org/W3129596619,G. S Shipunov,author
699,https://openalex.org/W3129596619,[Perm National Research Polytechnic University],institution
700,https://openalex.org/W3129596619,RU,country
701,https://openalex.org/W3129596619,Шипунов Г. С,author
702,https://openalex.org/W3129596619,Пермский национальный исследовательский политехнический университет,institution
703,https://openalex.org/W3129596619,M. A Baranov,author
706,https://openalex.org/W3129596619,Баранов М. А,author
708,https://openalex.org/W3129596619,A. S Nikiforov,author
711,https://openalex.org/W3129596619,Никифоров А. С,author
713,https://openalex.org/W3129596619,D. V Golovin,author
716,https://openalex.org/W3129596619,Головин Д. В,author
718,https://openalex.org/W3129596619,A. A Tihonova,author
721,https://openalex.org/W3129596619,Тихонова А. А,author
723,https://openalex.org/W3129596619,composite materials,keyword
724,https://openalex.org/W3129596619,polymer,keyword
725,https://openalex.org/W3129596619,mechanical characteristics,keyword
726,https://openalex.org/W3129596619,smart-layer,keyword
727,https://openalex.org/W3129596619,quasi-static,keyword
728,https://openalex.org/W3181895242,Olvera Bernal Rigel Antonio,author
729,https://openalex.org/W3181895242,ITMO university,institution
730,https://openalex.org/W3181895242,RU,country
731,https://openalex.org/W3181895242,M V Uspenskaya,author
732,https://openalex.org/W3181895242,ITMO University#TAB#,institution
734,https://openalex.org/W3181895242,R O Olekhnovich,author
737,https://openalex.org/W3181895242,biopolymers,keyword
738,https://openalex.org/W4280651380,Iman Sahafnejad-Mohammadi,author
739,https://openalex.org/W4280651380,"Department of Biomedical Engineering, Science and Research Branch, Azad University, Tehran, Iran",institution
740,https://openalex.org/W4280651380,IR,country
741,https://openalex.org/W4280651380,Mojtaba Karamimoghadam,author
742,https://openalex.org/W4280651380,"School of Mechanical, Aerospace and Automotive Engineering, Faculty of Engineering, Environment and Computing, Coventry University, Coventry, UK",institution
743,https://openalex.org/W4280651380,GB,country
744,https://openalex.org/W4280651380,Ali Zolfagharian,author
745,https://openalex.org/W4280651380,"School of Engineering, Deakin University, Geelong, Australia",institution
746,https://openalex.org/W4280651380,AU,country
747,https://openalex.org/W4280651380,Mohammad Akrami,author
748,https://openalex.org/W4280651380,"Department of Engineering, University of Exeter, Exeter, UK",institution
750,https://openalex.org/W4280651380,Mahdi Bodaghi,author
751,https://openalex.org/W4280651380,"Department of Engineering, School of Science and Technology, Nottingham Trent University, Nottingham, UK",institution
753,https://openalex.org/W4280651380,medical engineering,keyword
754,https://openalex.org/W4280651380,technology,keyword
755,https://openalex.org/W3002658734,Valery A. Barachevsky,author
756,https://openalex.org/W3002658734,"Photochemistry Centre RAS, FSRC “Crystallography and Photonics”, Moscow, Russia",institution
757,https://openalex.org/W3002658734,RU,country
758,https://openalex.org/W3002658734,2d materials,keyword
759,https://openalex.org/W3002658734,smart energochromic,keyword
760,https://openalex.org/W4301785800,"Alekhin, Maksim",author
761,https://openalex.org/W4301785800,Bauman Moscow State Technical University,institution
762,https://openalex.org/W4301785800,RU,country
763,https://openalex.org/W4301785800,"Klabukov, Ilya",author
764,https://openalex.org/W4301785800,Moscow Institute of Physics and Technology,institution
766,https://openalex.org/W4301785800,"Musienko, Sergey",author
767,https://openalex.org/W4301785800,Science for Life Extension Foundation,institution
768,https://openalex.org/W4301785800,US,country
769,https://openalex.org/W4301785800,smart intelligent aircraft materials,keyword
770,https://openalex.org/W4301785800,microsystems technology,keyword
771,https://openalex.org/W4390050522,Serguei P. Murzin,author
772,https://openalex.org/W4390050522,"Samara National Research University, Moskovskoe Shosse 34, Samara 443086, Russia; TU Wien, Karlsplatz 13, 1040 Vienna, Austria",institution
773,https://openalex.org/W4390050522,AT,country
774,https://openalex.org/W4390050522,RU,country
775,https://openalex.org/W4390050522,Christian Stiglbrunner,author
776,https://openalex.org/W4390050522,"TU Wien, Karlsplatz 13, 1040 Vienna, Austria",institution
778,https://openalex.org/W3199686647,Ruonan Dong,author
779,https://openalex.org/W3199686647,Frontier Institute of Science and Technology and State Key Laboratory for Mechanical Behavior of Materials; Xi'an Jiaotong University; Xi'an 710049 China,institution
780,https://openalex.org/W3199686647,CN,country
781,https://openalex.org/W3199686647,Baolin Guo,author
782,https://openalex.org/W3199686647,"Frontier Institute of Science and Technology, and State Key Laboratory for Mechanical Behavior of Materials, Xi’an Jiaotong University, Xi’an 710049, China",institution
784,https://openalex.org/W3199686647,smart wound dressings,keyword
785,https://openalex.org/W3199686647,wound healing,keyword
786,https://openalex.org/W2790646153,B. Kiskan,author
787,https://openalex.org/W2790646153,Istanbul Technical University; Istanbul Turkey,institution
788,https://openalex.org/W2790646153,TR,country
789,https://openalex.org/W2790646153,Y. Yagci,author
792,https://openalex.org/W2790646153,smart materials,keyword
793,https://openalex.org/W2062770871,Linshuang Long,author
794,https://openalex.org/W2062770871,"Department of Thermal Science and Energy Engineering, University of Science and Technology of China, Hefei, Anhui, 230027, PR China",institution
795,https://openalex.org/W2062770871,CN,country
796,https://openalex.org/W2062770871,Hong Ye,author
799,https://openalex.org/W2062770871,energy,keyword
800,https://openalex.org/W2062770871,efficient,keyword
801,https://openalex.org/W3206317366,Sajeel N K,author
802,https://openalex.org/W3206317366,,institution
803,https://openalex.org/W3206317366,Muni Raj Maurya,author
805,https://openalex.org/W3206317366,Mohammed Talal Houkan,author
807,https://openalex.org/W3206317366,Kishor Kumar Sadasivuni,author
809,https://openalex.org/W3206317366,additive manufacturing,keyword
810,https://openalex.org/W3206317366,smart material,keyword
811,https://openalex.org/W3206317366,structures,keyword
812,https://openalex.org/W2802799800,Dongdong Wu,author
813,https://openalex.org/W2802799800,"State Key Laboratory of Analytical Chemistry for Life Sciences, School of Chemistry and Chemical Engineering, Nanjing University, Nanjing 210023, China",institution
814,https://openalex.org/W2802799800,CN,country
815,https://openalex.org/W2802799800,Xian Xie,author
818,https://openalex.org/W2802799800,Adnan A. Kadi,author
819,https://openalex.org/W2802799800,"Department of Pharmaceutical Chemistry, College of Pharmacy, King Saud University, Riyadh, Kingdom of Saudi Arabia",institution
820,https://openalex.org/W2802799800,SA,country
821,https://openalex.org/W2802799800,Yan Zhang,author
824,https://openalex.org/W2802799800,photosensitive peptide hydrogels,keyword
825,https://openalex.org/W2802799800,smart materials,keyword
826,https://openalex.org/W4312946978,Alimorad Rashidi,author
827,https://openalex.org/W4312946978,"Nanotechnology Research Center, Research Institute of Petroleum Industry, Tehran, Iran",institution
828,https://openalex.org/W4312946978,IR,country
829,https://openalex.org/W4312946978,Soheila Sharafinia,author
830,https://openalex.org/W4312946978,"Department of Chemistry, Faculty of Science, Shahid Chamran University of Ahvaz, Ahvaz, Iran",institution
832,https://openalex.org/W4312946978,smart materials,keyword
833,https://openalex.org/W4312946978,gas industry,keyword
834,https://openalex.org/W4312946978,oil,keyword
835,https://openalex.org/W1498634451,Maksim Alekhin,author
836,https://openalex.org/W1498634451,Independent,institution
837,https://openalex.org/W1498634451,Ilya Klabukov,author
838,https://openalex.org/W1498634451,I.M. Sechenov First Moscow State Medical University; National Medical Research Radiological Center,institution
839,https://openalex.org/W1498634451,RU,country
840,https://openalex.org/W1498634451,Sergey Musienko,author
841,https://openalex.org/W1498634451,Science for Life Extension Foundation,institution
842,https://openalex.org/W1498634451,US,country
843,https://openalex.org/W1498634451,smart intelligent aircraft materials,keyword
844,https://openalex.org/W1498634451,microsystems technology,keyword
845,https://openalex.org/W2019740750,Taolei Sun,author
846,https://openalex.org/W2019740750,"Physics Institute, WWU Muenster, Wilhelm-Klemm-Str. 10, D-48149 Muenster, Germany; State Key Laboratory of Advanced Technology for Materials Synthesis and Composite, Wuhan University of Technology, No. 122, Luoshi Road, Wuhan 430070, P. R. China",institution
847,https://openalex.org/W2019740750,CN,country
848,https://openalex.org/W2019740750,Guangyan Qing,author
851,https://openalex.org/W2019740750,biological applications,keyword
852,https://openalex.org/W2019740750,interface,keyword
853,https://openalex.org/W2019740750,materials,keyword
854,https://openalex.org/W3168551284,Peng Yang,author
855,https://openalex.org/W3168551284,"Chengdu 610065; China; College of Polymer Science and Engineering, State Key Laboratory of Polymer Materials Engineering, Sichuan University, Chengdu 610065, China; State Key Laboratory of Polymer Materials Engineering",institution
856,https://openalex.org/W3168551284,CN,country
857,https://openalex.org/W3168551284,Fang Zhu,author
860,https://openalex.org/W3168551284,Zhengbiao Zhang,author
861,https://openalex.org/W3168551284,"Collaborative Innovation Center of Suzhou Nano Science and Technology; College of Chemistry, Chemical Engineering and Materials Science; Jiangsu Key Laboratory of Advanced Functional Polymer Design and Application; Soochow University; State and Local Joint Engineering Laboratory for Novel Functional Polymeric Materials, Jiangsu Key Laboratory of Advanced Functional Polymer Design and Application, College of Chemistry, Chemical Engineering and Materials Science, Collaborative Innovation Center of Suzhou Nano Science and Technology, Soochow University, Suzhou, P. R. China",institution
863,https://openalex.org/W3168551284,Yiyun Cheng,author
864,https://openalex.org/W3168551284,"P. R. China; School of Life Sciences; Shanghai 200241; Shanghai Key Laboratory of Regulatory Biology, School of Life Sciences, East China Normal University, Shanghai 200241, P. R. China",institution
866,https://openalex.org/W3168551284,Zhao Wang,author
869,https://openalex.org/W3168551284,Yiwen Li,author
872,https://openalex.org/W3168551284,materials,keyword
873,https://openalex.org/W3168551284,stimuli-responsive,keyword
874,https://openalex.org/W3168551284,polydopamine-based,keyword
875,https://openalex.org/W4292155172,Chuanrui Chen,author
876,https://openalex.org/W4292155172,"State Key Laboratory of Molecular Engineering of Polymers, Department of Macromolecular Science, and Laboratory of Advanced Materials, Fudan University, Shanghai 200438, P. R. China",institution
877,https://openalex.org/W4292155172,CN,country
878,https://openalex.org/W4292155172,Jianyou Feng,author
881,https://openalex.org/W4292155172,Jiaxin Li,author
884,https://openalex.org/W4292155172,Yue Guo,author
887,https://openalex.org/W4292155172,Xiang Shi,author
890,https://openalex.org/W4292155172,Huisheng Peng,author
893,https://openalex.org/W4292155172,smart fiber devices,keyword
894,https://openalex.org/W4292155172,materials,keyword
895,https://openalex.org/W3188333211,Hang Wei,author
896,https://openalex.org/W3188333211,"Center for Composite Materials and structure,Harbin Institute of Technology,Harbin 150001,China,)",institution
897,https://openalex.org/W3188333211,CN,country
898,https://openalex.org/W3188333211,Jinxin Gu,author
899,https://openalex.org/W3188333211,"School of Chemical Engineering and Technology, Harbin Institute of Technology; Harbin 150001 China",institution
901,https://openalex.org/W3188333211,Feifei Ren,author
904,https://openalex.org/W3188333211,Leipeng Zhang,author
907,https://openalex.org/W3188333211,Gaoping Xu,author
910,https://openalex.org/W3188333211,Bo Wang,author
913,https://openalex.org/W3188333211,Shanshan Song,author
916,https://openalex.org/W3188333211,Jiupeng Zhao,author
919,https://openalex.org/W3188333211,Shuliang Dou,author
922,https://openalex.org/W3188333211,Yao Li,author
925,https://openalex.org/W3188333211,dynamic thermal radiation regulation,keyword
926,https://openalex.org/W3188333211,smart materials,keyword
927,https://openalex.org/W2121276702,Fan Xia,author
928,https://openalex.org/W2121276702,"Graduate School of the Chinese Academy of Sciences, Beijing, 100864 (P.R. China)",institution
929,https://openalex.org/W2121276702,CN,country
930,https://openalex.org/W2121276702,Lei Jiang,author
931,https://openalex.org/W2121276702,"Center for Molecular Sciences, Institute of Chemistry, Chinese Academy of Sciences, Beijing, 100190 (P.R. China)",institution
933,https://openalex.org/W2121276702,materials,keyword
934,https://openalex.org/W2121276702,bio-inspired,keyword
935,https://openalex.org/W3110996270,Yao Yang,author
936,https://openalex.org/W3110996270,"Institute of Pharmaceutics, School of Pharmaceutical Sciences (Shenzhen), Sun Yat-sen University, Shenzhen, China",institution
937,https://openalex.org/W3110996270,CN,country
938,https://openalex.org/W3110996270,Weiwei Zeng,author
941,https://openalex.org/W3110996270,Ping Huang,author
944,https://openalex.org/W3110996270,Xiaowei Zeng,author
947,https://openalex.org/W3110996270,Lin Mei,author
948,https://openalex.org/W3110996270,"Institute of Pharmaceutics, School of Pharmaceutical Sciences (Shenzhen), Sun Yat-sen University, Shenzhen, China; Tianjin Key Laboratory of Biomedical Materials, Key Laboratory of Biomaterials and Nanotechnology for Cancer Immunotherapy, Institute of Biomedical Engineering, Chinese Academy of Medical Sciences & Peking Union Medical College, Tianjin, China",institution
950,https://openalex.org/W3110996270,smart materials,keyword
951,https://openalex.org/W3110996270,drug delivery,keyword
952,https://openalex.org/W2797324231,Simone Luigi Marasso,author
953,https://openalex.org/W2797324231,"CNR IMEM, Torino, Italy and DISAT, Politecnico di Torino, Torino, Italy",institution
954,https://openalex.org/W2797324231,IT,country
955,https://openalex.org/W2797324231,Matteo Cocuzza,author
956,https://openalex.org/W2797324231,"Istituto dei Materiali per l’Elettronica ed il Magnetismo, Consiglio Nazionale delle Ricerche, Parma, Italy and DISAT, Politecnico di Torino, Torino, Italy",institution
958,https://openalex.org/W2797324231,Valentina Bertana,author
959,https://openalex.org/W2797324231,"DISAT, Politecnico di Torino, Torino, Italy",institution
961,https://openalex.org/W2797324231,Francesco Perrucci,author
964,https://openalex.org/W2797324231,Alessio Tommasi,author
967,https://openalex.org/W2797324231,Sergio Ferrero,author
970,https://openalex.org/W2797324231,Luciano Scaltrito,author
973,https://openalex.org/W2797324231,Candido Fabrizio Pirri,author
976,https://openalex.org/W2797324231,conductive filament,keyword
977,https://openalex.org/W2601280411,Ying Cui,author
978,https://openalex.org/W2601280411,"State#R#Key Laboratory of Chemical Engineering, College of Chemical and Biological#R#Engineering, Zhejiang University, Hangzhou 310027, China",institution
979,https://openalex.org/W2601280411,CN,country
980,https://openalex.org/W2601280411,Dewen Li,author
983,https://openalex.org/W2601280411,Hao Bai,author
986,https://openalex.org/W2601280411,directional liquid transport,keyword
987,https://openalex.org/W4293770104,Tarek Dayyoub,author
988,https://openalex.org/W4293770104,"Department of Physical Chemistry, National University of Science and Technology “MISIS”, 119049 Moscow, Russia; Institute for Bionic Technologies and Engineering, I.M. Sechenov First Moscow State Medical University (Sechenov University), Bolshaya Pirogovskaya Street 2-4, 119991 Moscow, Russia",institution
989,https://openalex.org/W4293770104,RU,country
990,https://openalex.org/W4293770104,Aleksey V. Maksimkin,author
991,https://openalex.org/W4293770104,"Institute for Bionic Technologies and Engineering, I.M. Sechenov First Moscow State Medical University (Sechenov University), Bolshaya Pirogovskaya Street 2-4, 119991 Moscow, Russia",institution
993,https://openalex.org/W4293770104,Olga V. Filippova,author
996,https://openalex.org/W4293770104,Victor V. Tcherdyntsev,author
997,https://openalex.org/W4293770104,"Department of Physical Chemistry, National University of Science and Technology “MISIS”, 119049 Moscow, Russia",institution
999,https://openalex.org/W4293770104,Dmitry V. Telyshev,author
1000,https://openalex.org/W4293770104,"Institute for Bionic Technologies and Engineering, I.M. Sechenov First Moscow State Medical University (Sechenov University), Bolshaya Pirogovskaya Street 2-4, 119991 Moscow, Russia; Institute of Biomedical Systems, National Research University of Electronic Technology, Zelenograd, 124498 Moscow, Russia",institution
1002,https://openalex.org/W4293770104,shape memory polymers,keyword
1003,https://openalex.org/W4293770104,smart materials,keyword
1004,https://openalex.org/W3206867951,Oyawale Adetunji Moses,author
1005,https://openalex.org/W3206867951,"Materials Interfaces Center, Shenzhen Institute of Advanced Technology, Chinese Academy of Sciences, Shenzhen 518055, Guangdong, China",institution
1006,https://openalex.org/W3206867951,CN,country
1007,https://openalex.org/W3206867951,Libo Gao,author
1008,https://openalex.org/W3206867951,"Nano-Manufacturing Laboratory (NML), City University of Hong Kong Shenzhen Research Institute, Shenzhen 518057, China; School of Mechano-Electronic Engineering, Xidian University, Xian 710071, China",institution
1010,https://openalex.org/W3206867951,Haitao Zhao,author
1013,https://openalex.org/W3206867951,Zhuo Wang,author
1014,https://openalex.org/W3206867951,"Department of Chemical and Environmental Engineering, The University of Nottingham Ningbo China, Ningbo 315100, China; Materials Interfaces Center, Shenzhen Institute of Advanced Technology, Chinese Academy of Sciences, Shenzhen 518055, Guangdong, China",institution
1016,https://openalex.org/W3206867951,Mukhtar Lawan Adam,author
1019,https://openalex.org/W3206867951,Zhehao Sun,author
1020,https://openalex.org/W3206867951,"Materials Interfaces Center, Shenzhen Institute of Advanced Technology, Chinese Academy of Sciences, Shenzhen 518055, Guangdong, China; Research School of Chemistry, Australian National University, ACT 2601, Australia",institution
1021,https://openalex.org/W3206867951,AU,country
1023,https://openalex.org/W3206867951,Kaili Liu,author
1027,https://openalex.org/W3206867951,Jiahong Wang,author
1030,https://openalex.org/W3206867951,Yang Lu,author
1031,https://openalex.org/W3206867951,"Department of Mechanical Engineering, City University of Hong Kong, Kowloon, Hong Kong Special Administrative Region, China; Nano-Manufacturing Laboratory (NML), City University of Hong Kong Shenzhen Research Institute, Shenzhen 518057, China",institution
1033,https://openalex.org/W3206867951,Zongyou Yin,author
1034,https://openalex.org/W3206867951,"Research School of Chemistry, Australian National University, ACT 2601, Australia",institution
1036,https://openalex.org/W3206867951,Xuefeng Yu,author
1039,https://openalex.org/W3206867951,materials,keyword
1040,https://openalex.org/W4293740449,Ayşenur Karakaya,author
1041,https://openalex.org/W4293740449,Istanbul Technical University,institution
1042,https://openalex.org/W4293740449,TR,country
1043,https://openalex.org/W4293740449,Seden Acun Özgünler,author
1046,https://openalex.org/W4293740449,smart windows,keyword
1047,https://openalex.org/W4293740449,reference office building,keyword
1048,https://openalex.org/W4306709066,Amirhossein Esteghamat,author
1049,https://openalex.org/W4306709066,"Department of Electrical Engineering, Sharif University of Technology, P.O. Box 11155-4363, Tehran, Islamic Republic of Iran",institution
1050,https://openalex.org/W4306709066,IR,country
1051,https://openalex.org/W4306709066,Omid Akhavan,author
1052,https://openalex.org/W4306709066,"Department of Physics, Sharif University of Technology, P.O. Box 11155-9161, Tehran, Islamic Republic of Iran",institution
1054,https://openalex.org/W4306709066,graphene,keyword
1055,https://openalex.org/W4306709066,flexible smart touchscreens,keyword
1056,https://openalex.org/W4306709066,ultra-transparent,keyword
1057,https://openalex.org/W4306709066,nanotechnology-based,keyword
1058,https://openalex.org/W4311970594,Fahad Alhashmi Alamer,author
1059,https://openalex.org/W4311970594,"Department of Physics, Faculty of Applied Science, Umm AL-Qura University, Al Taif Road, Makkah 24382, Saudi Arabia",institution
1060,https://openalex.org/W4311970594,SA,country
1061,https://openalex.org/W4311970594,Ghadah A. Almalki,author
1064,https://openalex.org/W4311970594,conductive fabrics,keyword
1065,https://openalex.org/W4311970594,graphene,keyword
1066,https://openalex.org/W4311970594,swcnts,keyword
1067,https://openalex.org/W4311970594,mwcnts,keyword
1068,https://openalex.org/W3207726911,Yang Zhou,author
1069,https://openalex.org/W3207726911,"State Key Laboratory of Petroleum Resources and Prospecting, Beijing Key Laboratory of Biogas Upgrading Utilization, College of New Energy and Materials Science, China University of Petroleum (Beijing), Beijing 102249, China",institution
1070,https://openalex.org/W3207726911,CN,country
1071,https://openalex.org/W3207726911,Fan Fan,author
1074,https://openalex.org/W3207726911,Yinping Liu,author
1077,https://openalex.org/W3207726911,Sisi Zhao,author
1080,https://openalex.org/W3207726911,Quan Xu,author
1083,https://openalex.org/W3207726911,Shancheng Wang,author
1084,https://openalex.org/W3207726911,"School of Materials Science and Engineering, Nanyang Technological University, 50 Nanyang Avenue, Singapore 639798, Singapore",institution
1085,https://openalex.org/W3207726911,SG,country
1086,https://openalex.org/W3207726911,Dan Luo,author
1087,https://openalex.org/W3207726911,"CAS Center for Excellence in Nanoscience, Beijing Key Laboratory of Micro-Nano Energy and Sensor, Beijing Institute of Nanoenergy and Nanosystems, Chinese Academy of Sciences, Beijing 101400, China",institution
1089,https://openalex.org/W3207726911,Yi Long,author
1090,https://openalex.org/W3207726911,"School of Materials Science and Engineering, Nanyang Technological University, 50 Nanyang Avenue, Singapore 639798, Singapore; Singapore-HUJ Alliance for Research and Enterprise (SHARE), Nanomaterials for Energy and Energy Water Nexus (NEW), Campus for Research Excellence and Technological Enterprise (CREATE), 1 Create Way, Singapore 138602, Singapore; Sino-Singapore International Joint Research Institute (SSIJRI), Guangzhou 510000, China",institution
1092,https://openalex.org/W3207726911,unconventional smart windows,keyword
1093,https://openalex.org/W3207726911,designs,keyword
1094,https://openalex.org/W4387633968,Mohammad Malikan,author
1095,https://openalex.org/W4387633968,"Department of Mechanics of Materials and Structures, Faculty of Civil and Environmental Engineering, Gdańsk University of Technology, ul. Gabriela Narutowicza 11/12, Gdańsk 80-233, Poland",institution
1096,https://openalex.org/W4387633968,PL,country
1097,https://openalex.org/W4387633968,Shahriar Dastjerdi,author
1098,https://openalex.org/W4387633968,"Akdeniz University, Civil Engineering Department, Division of Mechanics, Antalya, Turkey; Department of Mechanical Engineering, Ferdowsi University of Mashhad, Mashhad 91775-1111, Iran",institution
1099,https://openalex.org/W4387633968,IR,country
1100,https://openalex.org/W4387633968,TR,country
1101,https://openalex.org/W4387633968,Victor A. Eremeyev,author
1102,https://openalex.org/W4387633968,"Department of Civil and Environmental Engineering and Architecture(DICAAR), University of Cagliari, Via Marengo, 2, Cagliari 09123, Italy; Department of Mechanics of Materials and Structures, Faculty of Civil and Environmental Engineering, Gdańsk University of Technology, ul. Gabriela Narutowicza 11/12, Gdańsk 80-233, Poland",institution
1103,https://openalex.org/W4387633968,IT,country
1105,https://openalex.org/W4387633968,Hamid M. Sedighi,author
1106,https://openalex.org/W4387633968,"Drilling Center of Excellence and Research Center, Shahid Chamran University of Ahvaz, Ahvaz, Iran",institution
1108,https://openalex.org/W4387633968,smart nanocomposite structures,keyword
1109,https://openalex.org/W4387633968,3d material modelling,keyword
1110,https://openalex.org/W2497239744,Yan Huang,author
1111,https://openalex.org/W2497239744,"Department of Physics and Materials Science, City University of Hong Kong, 83 Tat Chee Avenue, Hong Kong, S.A.R., China.",institution
1112,https://openalex.org/W2497239744,CN,country
1113,https://openalex.org/W2497239744,Minshen Zhu,author
1116,https://openalex.org/W2497239744,Zengxia Pei,author
1119,https://openalex.org/W2497239744,Hongfei Li,author
1122,https://openalex.org/W2497239744,Zifeng Wang,author
1125,https://openalex.org/W2497239744,Qi Xue,author
1128,https://openalex.org/W2497239744,Chunyi Zhi,author
1129,https://openalex.org/W2497239744,Shenzhen Research Institute City University of Hong Kong Shenzhen 518000 China,institution
1131,https://openalex.org/W2497239744,storage,keyword
1132,https://openalex.org/W2497239744,energy,keyword
1133,https://openalex.org/W2497239744,conversion,keyword
1134,https://openalex.org/W2887401592,A.V. Babenyshev,author
1135,https://openalex.org/W2887401592,"Moscow Institute of Physics and Technology (State University), Dolgoprudny, Russia.",institution
1136,https://openalex.org/W2887401592,RU,country
1137,https://openalex.org/W2887401592,K.G. Shevchenko,author
1140,https://openalex.org/W2887401592,A.A. Tregubov,author
1143,https://openalex.org/W2887401592,I.L. Nikitina,author
1144,https://openalex.org/W2887401592,"Prokhorov General Physics Institute RAS, Moscow, Russia",institution
1146,https://openalex.org/W2887401592,V.R. Cherkasov,author
1149,https://openalex.org/W2887401592,switchable optical properties,keyword
1150,https://openalex.org/W2887401592,small molecules,keyword
1151,https://openalex.org/W2887401592,optical properties,keyword
1152,https://openalex.org/W2887401592,situ detection,keyword
1153,https://openalex.org/W3087596138,Li Liu,author
1154,https://openalex.org/W3087596138,"Engineering Research Center of Technical Textiles, Ministry of Education, College of Textiles, Donghua University, Shanghai, 201620, China",institution
1155,https://openalex.org/W3087596138,CN,country
1156,https://openalex.org/W3087596138,Wenhui Xu,author
1157,https://openalex.org/W3087596138,"Co-Innovation Center of Efficient Processing and Utilization of Forest Resources, College of Materials Science and Engineering, Nanjing Forestry University, Nanjing, 210037, China; School of Pharmacy, Jiangxi University of Traditional Chinese Medicine, Nanchang, Jiangxi, 330004, China",institution
1159,https://openalex.org/W3087596138,Yichun Ding,author
1160,https://openalex.org/W3087596138,"Fujian Institute of Research on the Structure of Matter, Chinese Academy of Sciences, Fuzhou, 350002, China",institution
1162,https://openalex.org/W3087596138,Seema Agarwal,author
1163,https://openalex.org/W3087596138,"Macromolecular Chemistry, Bavarian Polymer Institute, University of Bayreuth, Universitätsstraße 30, 95440, Bayreuth, Germany",institution
1164,https://openalex.org/W3087596138,DE,country
1165,https://openalex.org/W3087596138,Andreas Greiner,author
1168,https://openalex.org/W3087596138,Gaigai Duan,author
1169,https://openalex.org/W3087596138,"Co-Innovation Center of Efficient Processing and Utilization of Forest Resources, College of Materials Science and Engineering, Nanjing Forestry University, Nanjing, 210037, China",institution
1171,https://openalex.org/W3087596138,smart electrospun fibers,keyword
1172,https://openalex.org/W3012382635,Artem Bezrukov,author
1173,https://openalex.org/W3012382635,"Kazan National Research Technological University, Kazan, Russia",institution
1174,https://openalex.org/W3012382635,RU,country
1175,https://openalex.org/W3012382635,Dilbar Sultanova,author
1178,https://openalex.org/W3012382635,smart materials”,keyword
1179,https://openalex.org/W3012382635,degree module,keyword
1180,https://openalex.org/W3012382635,engineering,keyword
1181,https://openalex.org/W3012382635,chemical,keyword
1182,https://openalex.org/W2165245257,Semih Otles,author
1183,https://openalex.org/W2165245257,"Ege University, Turkey#TAB#",institution
1184,https://openalex.org/W2165245257,TR,country
1185,https://openalex.org/W2165245257,Buket Yalcin,author
1188,https://openalex.org/W2165245257,food,keyword
1189,https://openalex.org/W4285252261,Raana Aali Mohammadi,author
1190,https://openalex.org/W4285252261,"Faculty of Chemical, Petroleum and Gas Engineering, Semnan University, Semnan, Semnan, Iran",institution
1191,https://openalex.org/W4285252261,IR,country
1192,https://openalex.org/W4285252261,Mahsa Shirazi,author
1193,https://openalex.org/W4285252261,"Department of Chemical and Petroleum Engineering, Sharif University of Technology, Tehran, Tehran, Iran",institution
1195,https://openalex.org/W4285252261,Roxana Moaref,author
1196,https://openalex.org/W4285252261,"Department of Polymer Engineering, Amirkabir University of Technology, Tehran, Tehran, Iran",institution
1198,https://openalex.org/W4285252261,Seifollah Jamalpour,author
1199,https://openalex.org/W4285252261,"Department of Chemical Engineering, Faculty of Engineering, Shahid Chamran University of Ahvaz, Ahvaz, Khuzestan Province, Iran",institution
1201,https://openalex.org/W4285252261,Yousef Tamsilian,author
1204,https://openalex.org/W4285252261,Alireza Kiasat,author
1205,https://openalex.org/W4285252261,"Chemistry Department, College of Science, Shahid Chamran University of Ahvaz, Ahvaz, Khuzestan Province, Iran",institution
1207,https://openalex.org/W4285252261,protective smart textiles,keyword
1208,https://openalex.org/W4285252261,sportswear,keyword
1209,https://openalex.org/W2034385043,M. Ghorbanzadeh,author
1210,https://openalex.org/W2034385043,"Bojnord University, Iran",institution
1211,https://openalex.org/W2034385043,IR,country
1212,https://openalex.org/W2034385043,A. Nezami,author
1213,https://openalex.org/W2034385043,"P.P.S co., Iran",institution
1215,https://openalex.org/W2034385043,smart architecture contribution,keyword
1216,https://openalex.org/W2309180211,Wei Weng,author
1217,https://openalex.org/W2309180211,"State Key Laboratory of Molecular Engineering of Polymers, Collaborative Innovation Center of Polymers and Polymer Composite Materials, Department of Macromolecular Science, and Laboratory of Advanced Materials, Fudan University, Shanghai, 200438 China; These authors contribute equally to this work.",institution
1218,https://openalex.org/W2309180211,CN,country
1219,https://openalex.org/W2309180211,US,country
1220,https://openalex.org/W2309180211,Peining Chen,author
1224,https://openalex.org/W2309180211,Sisi He,author
1225,https://openalex.org/W2309180211,"State Key Laboratory of Molecular Engineering of Polymers, Collaborative Innovation Center of Polymers and Polymer Composite Materials, Department of Macromolecular Science, and Laboratory of Advanced Materials, Fudan University, Shanghai, 200438 China",institution
1227,https://openalex.org/W2309180211,Xuemei Sun,author
1230,https://openalex.org/W2309180211,Huisheng Peng,author
1231,https://openalex.org/W2309180211,"State Key Laboratory for Modification of Chemical Fibers and Polymer Materials, Donghua University, Shanghai, 201620 China; State Key Laboratory of Molecular Engineering of Polymers, Collaborative Innovation Center of Polymers and Polymer Composite Materials, Department of Macromolecular Science, and Laboratory of Advanced Materials, Fudan University, Shanghai, 200438 China",institution
1233,https://openalex.org/W2309180211,smart,keyword
1234,https://openalex.org/W4313490979,Zhanghao Gu,author
1235,https://openalex.org/W4313490979,Key Laboratory for Ultrafine Materials of Ministry of Education East China University of Science and Technology  Shanghai 200237 P. R. China,institution
1236,https://openalex.org/W4313490979,CN,country
1237,https://openalex.org/W4313490979,Jiayi Wang,author
1240,https://openalex.org/W4313490979,Yu Fu,author
1241,https://openalex.org/W4313490979,School of Aerospace Engineering and Applied Mechanics Tongji University  Zhangwu Road 100 Shanghai 200092 P. R. China,institution
1243,https://openalex.org/W4313490979,Hao Pan,author
1246,https://openalex.org/W4313490979,Hongyan He,author
1249,https://openalex.org/W4313490979,Qi Gan,author
1250,https://openalex.org/W4313490979,"Key Laboratory for Ultrafine Materials of Ministry of Education, East China University of Science and Technology, Shanghai, 200237 P. R. China",institution
1252,https://openalex.org/W4313490979,Changsheng Liu,author
1255,https://openalex.org/W4313490979,articular cartilage repair,keyword
1256,https://openalex.org/W4313490979,smart biomaterials,keyword
1257,https://openalex.org/W4313490979,regeneration,keyword
1258,https://openalex.org/W4308895126,Zefeng Huang,author
1259,https://openalex.org/W4308895126,Key Laboratory of Optoelectronic Devices and Systems of Ministry of Education and Guangdong Province College of Physics and Optoelectronic Engineering Shenzhen University  Shenzhen 518060 China,institution
1260,https://openalex.org/W4308895126,CN,country
1261,https://openalex.org/W4308895126,Bing Chen,author
1264,https://openalex.org/W4308895126,Biyun Ren,author
1267,https://openalex.org/W4308895126,Dong Tu,author
1268,https://openalex.org/W4308895126,Key Laboratory of Artificial Micro/Nano Structure of Ministry of Education School of Physics and Technology Wuhan University  Wuhan 430072 China,institution
1270,https://openalex.org/W4308895126,Zhaofeng Wang,author
1271,https://openalex.org/W4308895126,State Key Laboratory of Solid Lubrication Lanzhou Institute of Chemical Physics Chinese Academy of Sciences  Lanzhou 730000 P. R. China,institution
1273,https://openalex.org/W4308895126,Chunfeng Wang,author
1276,https://openalex.org/W4308895126,Yuantian Zheng,author
1279,https://openalex.org/W4308895126,Xu Li,author
1282,https://openalex.org/W4308895126,Dong Wang,author
1283,https://openalex.org/W4308895126,College of Physical Education Shenzhen University  Shenzhen 518060 China,institution
1285,https://openalex.org/W4308895126,Zhanbing Ren,author
1288,https://openalex.org/W4308895126,Sicen Qu,author
1289,https://openalex.org/W4308895126,"College of Physical Education, Shenzhen University, Shenzhen, 518060 China",institution
1291,https://openalex.org/W4308895126,Zhuyang Chen,author
1292,https://openalex.org/W4308895126,Academy for Advanced Interdisciplinary Studies Southern University of Science and Technology  Shenzhen 518055 China,institution
1294,https://openalex.org/W4308895126,Chen Xu,author
1295,https://openalex.org/W4308895126,"Academy for Advanced Interdisciplinary Studies, Southern University of Science and Technology, Shenzhen, 518055 China",institution
1297,https://openalex.org/W4308895126,Yu Fu,author
1298,https://openalex.org/W4308895126,"Key Laboratory of Optoelectronic Devices and Systems of Ministry of Education and Guangdong Province, College of Physics and Optoelectronic Engineering, Shenzhen University, Shenzhen, 518060 China",institution
1300,https://openalex.org/W4308895126,Dengfeng Peng,author
1303,https://openalex.org/W4308895126,smart mechanoluminescent phosphors,keyword
1304,https://openalex.org/W2782849789,Hongjun Kang,author
1305,https://openalex.org/W2782849789,"MIITKey Laboratory of Critical Materials Technology for New Energy Conversionand Storage, School of Chemistry and Chemical Engineering, Harbin Institute of Technology, Harbin 150001, P. R. China",institution
1306,https://openalex.org/W2782849789,CN,country
1307,https://openalex.org/W2782849789,Yuyan Liu,author
1310,https://openalex.org/W2782849789,Hua Lai,author
1313,https://openalex.org/W2782849789,Xiaoyan Yu,author
1316,https://openalex.org/W2782849789,Zhongjun Cheng,author
1317,https://openalex.org/W2782849789,"NaturalScience Research Center, Academy of Fundamental and InterdisciplinarySciences, Harbin Institute of Technology, Harbin 150001, P. R. China",institution
1319,https://openalex.org/W2782849789,Lei Jiang,author
1320,https://openalex.org/W2782849789,"Instituteof Chemistry, Chinese Academy of Sciences, Beijing 100080, P. R. China",institution
1322,https://openalex.org/W2782849789,superhydrophilicity transition,keyword
1323,https://openalex.org/W2782849789,under-oil,keyword
1324,https://openalex.org/W3047354225,Faezeh Arab Hassani,author
1325,https://openalex.org/W3047354225,"National University of Singapore Suzhou Research Institute (NUSRI), Suzhou Industrial Park, Suzhou 215123, China",institution
1326,https://openalex.org/W3047354225,CN,country
1327,https://openalex.org/W3047354225,SG,country
1328,https://openalex.org/W3047354225,Qiongfeng Shi,author
1332,https://openalex.org/W3047354225,Feng Wen,author
1336,https://openalex.org/W3047354225,Tianyiyi He,author
1340,https://openalex.org/W3047354225,Ahmed Haroun,author
1344,https://openalex.org/W3047354225,Yanqin Yang,author
1348,https://openalex.org/W3047354225,Yuqin Feng,author
1352,https://openalex.org/W3047354225,Chengkuo Lee,author
1356,https://openalex.org/W3047354225,smart materials,keyword
1357,https://openalex.org/W3047354225,smart healthcare–,keyword
1358,https://openalex.org/W3047354225,sensors,keyword
1359,https://openalex.org/W3047354225,self-sustained,keyword
1360,https://openalex.org/W4319224835,Xueli Zhou,author
1361,https://openalex.org/W4319224835,"Weihai Institute of Bionics, Jilin University, Weihai, 264400, PR China",institution
1362,https://openalex.org/W4319224835,CN,country
1363,https://openalex.org/W4319224835,Luquan Ren,author
1366,https://openalex.org/W4319224835,Zhengyi Song,author
1369,https://openalex.org/W4319224835,Guiwei Li,author
1370,https://openalex.org/W4319224835,"School of Mechanical and Aerospace Engineering, Jilin University, Changchun, 130022, PR China",institution
1372,https://openalex.org/W4319224835,Jifeng Zhang,author
1375,https://openalex.org/W4319224835,Bingqian Li,author
1378,https://openalex.org/W4319224835,Qian Wu,author
1381,https://openalex.org/W4319224835,Wangxuan Li,author
1384,https://openalex.org/W4319224835,Lei Ren,author
1385,https://openalex.org/W4319224835,"School of Mechanical, Aerospace and Civil Engineering, University of Manchester, Manchester, M13 9PL, UK",institution
1386,https://openalex.org/W4319224835,GB,country
1387,https://openalex.org/W4319224835,Qingping Liu,author
1390,https://openalex.org/W4319224835,mechanical metamaterials,keyword
1391,https://openalex.org/W4319224835,printing,keyword
1392,https://openalex.org/W4362568855,Mert Yildirim,author
1393,https://openalex.org/W4362568855,"Biomaterials and Nanotechnology Research Group, Istanbul University-Cerrahpasa, 34473 Istanbul, Turkey; Department of Forest Industrial Engineering, Istanbul University-Cerrahpasa, 34473 Istanbul, Turkey; Scientific Research Projects Coordinatorship, Istanbul Gelisim University, 34320 Istanbul, Turkey",institution
1394,https://openalex.org/W4362568855,TR,country
1395,https://openalex.org/W4362568855,Zeki Candan,author
1396,https://openalex.org/W4362568855,"Biomaterials and Nanotechnology Research Group, Istanbul University-Cerrahpasa, 34473 Istanbul, Turkey; Department of Forest Industrial Engineering, Istanbul University-Cerrahpasa, 34473 Istanbul, Turkey",institution
1398,https://openalex.org/W4362568855,membranes,keyword
1399,https://openalex.org/W4362568855,next-generation,keyword
1400,https://openalex.org/W3040986209,R.S. Zakirullin,author
1401,https://openalex.org/W3040986209,"Orenburg State University, Pobedy Avenue 13, ul. Tereshkovoi, 10/4, kv. 37, Orenburg, 460018, Russia",institution
1402,https://openalex.org/W3040986209,RU,country
1403,https://openalex.org/W3040986209,solar radiation,keyword
1404,https://openalex.org/W3040986209,chromogenic materials,keyword
1405,https://openalex.org/W3040986209,smart windows,keyword
1406,https://openalex.org/W3040986209,angular-selective,keyword
1407,https://openalex.org/W2971498842,Yujie Ke,author
1408,https://openalex.org/W2971498842,"School of Materials Science and Engineering, Nanyang Technological University, 50 Nanyang Avenue, Singapore, 639798 Singapore",institution
1409,https://openalex.org/W2971498842,SG,country
1410,https://openalex.org/W2971498842,Jingwei Chen,author
1413,https://openalex.org/W2971498842,Gaojian Lin,author
1414,https://openalex.org/W2971498842,"School of Mechatronical Engineering, Beijing Institute of Technology, Beijing, 100081 China",institution
1415,https://openalex.org/W2971498842,CN,country
1416,https://openalex.org/W2971498842,Shancheng Wang,author
1419,https://openalex.org/W2971498842,Yang Zhou,author
1422,https://openalex.org/W2971498842,Jie Yin,author
1423,https://openalex.org/W2971498842,"Department of Mechanical and Aerospace Engineering, North Carolina State University, Raleigh, NC, 27695 USA",institution
1424,https://openalex.org/W2971498842,US,country
1425,https://openalex.org/W2971498842,Pooi See Lee,author
1426,https://openalex.org/W2971498842,"School of Materials Science and Engineering, Nanyang Technological University, 50 Nanyang Avenue, Singapore, 639798 Singapore; Singapore-HUJ Alliance for Research and Enterprise (SHARE), Nanomaterials for Energy and Energy Water Nexus (NEW), Campus for Research Excellence and Technological Enterprise (CREATE), 1 Create Way, Singapore, 138602 Singapore",institution
1428,https://openalex.org/W2971498842,Yi Long,author
1429,https://openalex.org/W2971498842,"School of Materials Science and Engineering, Nanyang Technological University, 50 Nanyang Avenue, Singapore, 639798 Singapore; Singapore-HUJ Alliance for Research and Enterprise (SHARE), Nanomaterials for Energy and Energy Water Nexus (NEW), Campus for Research Excellence and Technological Enterprise (CREATE), 1 Create Way, Singapore, 138602 Singapore; Sino-Singapore International Joint Research Institute (SSIJRI), Guangzhou, 510000 China",institution
1431,https://openalex.org/W2971498842,smart windows,keyword
1432,https://openalex.org/W2971498842,photochromics,keyword
1433,https://openalex.org/W2971498842,electro‐,keyword
1434,https://openalex.org/W3176458112,Maria F. Mizintseva,author
1435,https://openalex.org/W3176458112,"Russian Institute for Scientific and Technical Information of the Russian Academy of Sciences (VINITI RAS), Moscow, Russia",institution
1436,https://openalex.org/W3176458112,RU,country
1437,https://openalex.org/W3176458112,technologies,keyword
1438,https://openalex.org/W3176458112,life,keyword
1439,https://openalex.org/W4281476688,Fatemeh Kabirian,author
1440,https://openalex.org/W4281476688,"Cardiovascular Developmental Biology, Department of Cardiovascular Sciences, KU Leuven, Leuven, Belgium",institution
1441,https://openalex.org/W4281476688,BE,country
1442,https://openalex.org/W4281476688,Petra Mela,author
1443,https://openalex.org/W4281476688,"Medical Materials and Implants, Department of Mechanical Engineering and Munich School of BioEngineering, Technical University of Munich, Munich, Germany",institution
1444,https://openalex.org/W4281476688,DE,country
1445,https://openalex.org/W4281476688,Ruth Heying,author
1448,https://openalex.org/W4281476688,cardiovascular,keyword
1449,https://openalex.org/W4200064176,Hari Krishna Bisoyi,author
1450,https://openalex.org/W4200064176,"Advanced Materials and Liquid Crystal Institute and Chemical Physics Interdisciplinary Program, Kent State University, Kent, Ohio 44242, United States",institution
1451,https://openalex.org/W4200064176,US,country
1452,https://openalex.org/W4200064176,Quan Li,author
1453,https://openalex.org/W4200064176,"Advanced Materials and Liquid Crystal Institute and Chemical Physics Interdisciplinary Program, Kent State University, Kent, Ohio 44242, United States; Institute of Advanced Materials, School of Chemistry and Chemical Engineering, and Jiangsu Hi-Tech Key Laboratory for Biomedical Research, Southeast University, Nanjing 211189, China",institution
1454,https://openalex.org/W4200064176,CN,country
1456,https://openalex.org/W4200064176,liquid crystals,keyword
1457,https://openalex.org/W4200064176,materials,keyword
1458,https://openalex.org/W4200064176,self-organized,keyword
1459,https://openalex.org/W2321462505,I. T. Iakubov,author
1460,https://openalex.org/W2321462505,"Institute for Theoretical and Applied Electrodynamics RAS, Izhorskaya 13/19, 125412 Moscow, Russia",institution
1461,https://openalex.org/W2321462505,RU,country
1462,https://openalex.org/W2321462505,A. N. Lagarkov,author
1465,https://openalex.org/W2321462505,I. A. Ryzhikov,author
1468,https://openalex.org/W2321462505,M. V. Sedova,author
1471,https://openalex.org/W2321462505,traditional materials,keyword
1472,https://openalex.org/W2321462505,technologies,keyword
1473,https://openalex.org/W2321462505,nano-scale,keyword
1474,https://openalex.org/W3208714018,Zixuan Niu,author
1475,https://openalex.org/W3208714018,"School of Materials Science and Engineering, Key Laboratory of Advanced Civil Materials of Ministry of Education, Tongji University , Shanghai 201804, People's Republic of China.",institution
1476,https://openalex.org/W3208714018,CN,country
1477,https://openalex.org/W3208714018,Shengyang Qi,author
1478,https://openalex.org/W3208714018,"School of Materials Science and Engineering, Key Laboratory of Advanced Civil Materials of Ministry of Education, Tongji University, Shanghai, 201804, People's Republic of China",institution
1480,https://openalex.org/W3208714018,Suhaib Shuaib Adam Shuaib,author
1483,https://openalex.org/W3208714018,Weizhong Yuan,author
1486,https://openalex.org/W3208714018,phase change fiber,keyword
1487,https://openalex.org/W3208714018,textiles,keyword
1488,https://openalex.org/W3208714018,thermal energy storage,keyword
1489,https://openalex.org/W3208714018,stimuli-responsive,keyword
1490,https://openalex.org/W3208714018,self-cleaning,keyword
1491,https://openalex.org/W2138467652,Lianbin Zhang,author
1492,https://openalex.org/W2138467652,"Chemical and Life Sciences and Engineering Division, Water Desalination and Reuse Center, King Abdullah University of Science and Technology, Thuwal, Saudi Arabia",institution
1493,https://openalex.org/W2138467652,SA,country
1494,https://openalex.org/W2138467652,Zhonghai Zhang,author
1497,https://openalex.org/W2138467652,Peng Wang,author
1500,https://openalex.org/W2138467652,switchable superoleophilicity,keyword
1501,https://openalex.org/W2138467652,superoleophobicity,keyword
1502,https://openalex.org/W2138467652,controllable oil/water,keyword
1503,https://openalex.org/W2138467652,smart surfaces,keyword
1504,https://openalex.org/W2138467652,oil/water separation,keyword
1505,https://openalex.org/W4390430015,Ali Mohammad Amani,author
1506,https://openalex.org/W4390430015,"Department of Medical Nanotechnology, School of Advanced Medical Sciences and Technologies, Shiraz University of Medical Sciences, Shiraz 71348, Iran",institution
1507,https://openalex.org/W4390430015,IR,country
1508,https://openalex.org/W4390430015,Lobat Tayebi,author
1509,https://openalex.org/W4390430015,"School of Dentistry, Marquette University, Milwaukee, Wisconsin 53233, United States",institution
1510,https://openalex.org/W4390430015,US,country
1511,https://openalex.org/W4390430015,Milad Abbasi,author
1514,https://openalex.org/W4390430015,Ahmad Vaez,author
1515,https://openalex.org/W4390430015,"Department of Tissue Engineering and Applied Cell Sciences, School of Advanced Medical Sciences and Technologies, Shiraz University of Medical Sciences, Shiraz 71348, Iran",institution
1517,https://openalex.org/W4390430015,Hesam Kamyab,author
1518,https://openalex.org/W4390430015,"Malaysia-Japan International Institute of Technology, Universiti Teknologi Malaysia, Jalan Sultan Yahya Petra,54100 Kuala Lumpur Malaysia",institution
1519,https://openalex.org/W4390430015,MY,country
1520,https://openalex.org/W4390430015,Shreeshivadasan Chelliapan,author
1521,https://openalex.org/W4390430015,"Engineering Department, Razak Faculty of Technology and Informatics, Universiti Teknologi Malaysia, Jalan Sultan Yahya Petra, 54100 Kuala Lumpur Malaysia",institution
1523,https://openalex.org/W4390430015,Ehsan Vafa,author
1526,https://openalex.org/W3136835370,Xiaofang Liu,author
1527,https://openalex.org/W3136835370,"School of Materials Science and Engineering,BeiHang University,Beijing 100191,China)",institution
1528,https://openalex.org/W3136835370,CN,country
1529,https://openalex.org/W3136835370,Ya Li,author
1530,https://openalex.org/W3136835370,"China Mobile Research Institute, Beijing 100053, China; School of Materials Science and Engineering, Beihang University, Beijing 100191, China",institution
1532,https://openalex.org/W3136835370,Xin Sun,author
1533,https://openalex.org/W3136835370,"School of Materials Science and Engineering, Beihang University, Beijing 100191, China; Science and Technology on Electromagnetic Scattering Laboratory, Beijing 100854, China",institution
1535,https://openalex.org/W3136835370,Wukui Tang,author
1536,https://openalex.org/W3136835370,"School of Materials Science and Engineering, Beihang University, Beijing 100191, China",institution
1538,https://openalex.org/W3136835370,Gao Deng,author
1541,https://openalex.org/W3136835370,Yajie Liu,author
1544,https://openalex.org/W3136835370,Zhiming Song,author
1547,https://openalex.org/W3136835370,Yuanhang Yu,author
1550,https://openalex.org/W3136835370,Ronghai Yu,author
1553,https://openalex.org/W3136835370,Liming Dai,author
1554,https://openalex.org/W3136835370,"School of Chemical Engineering, University of New South Wales, Sydney, NSW 2052, Australia",institution
1555,https://openalex.org/W3136835370,AU,country
1556,https://openalex.org/W3136835370,Jianglan Shui,author
1559,https://openalex.org/W3136835370,switchable smart electromagnetic interference,keyword
1560,https://openalex.org/W2800644200,Yu Jun Tan,author
1561,https://openalex.org/W2800644200,"Biomedical Institute for Global Health and Research (BIGHEART), National University of Singapore, 119077 Singapore",institution
1562,https://openalex.org/W2800644200,SG,country
1563,https://openalex.org/W2800644200,Jiake Wu,author
1564,https://openalex.org/W2800644200,"Department of Polymer Science and Engineering, Zhejiang University, Hangzhou 310027, P. R. China",institution
1565,https://openalex.org/W2800644200,CN,country
1566,https://openalex.org/W2800644200,Hanying Li,author
1569,https://openalex.org/W2800644200,Benjamin C. K. Tee,author
1570,https://openalex.org/W2800644200,"Biomedical Institute for Global Health and Research (BIGHEART), National University of Singapore, 119077 Singapore; Institute of Materials Research and Engineering, Agency for Science Technology and Research, 138632 Singapore",institution
1572,https://openalex.org/W2800644200,materials,keyword
1573,https://openalex.org/W2800644200,self-healing,keyword
1574,https://openalex.org/W4328134579,Bapan Adak,author
1575,https://openalex.org/W4328134579,,institution
1576,https://openalex.org/W4328134579,Samrat Mukhopadhyay,author
1578,https://openalex.org/W4328134579,Shanmugam Kumar,author
1580,https://openalex.org/W4328134579,smart/functional textiles,keyword
1581,https://openalex.org/W4328134579,4d printing,keyword
1582,https://openalex.org/W4328134579,fashion products,keyword
1583,https://openalex.org/W3126760212,Felix Klein,author
1584,https://openalex.org/W3126760212,"Forschungszentrum Jülich GmbH, Institut für Energie- und Klimaforschung, 52425 Jülich, Germany",institution
1585,https://openalex.org/W3126760212,DE,country
1586,https://openalex.org/W3126760212,Andrey Litnovsky,author
1587,https://openalex.org/W3126760212,"Department of Plasma Physics, Institute of Laser and Plasma Technologies National Research Nuclear University MEPhI, Kashirskoe sh., 31, 115409 Moscow, Russian Federation; Forschungszentrum Jülich GmbH, Institut für Energie- und Klimaforschung, 52425 Jülich, Germany",institution
1589,https://openalex.org/W3126760212,RU,country
1590,https://openalex.org/W3126760212,Xiaoyue Tan,author
1591,https://openalex.org/W3126760212,"Forschungszentrum Jülich GmbH, Institut für Energie- und Klimaforschung, 52425 Jülich, Germany; School of Materials Science and Engineering, Hefei University of Technology, Hefei 23009, China",institution
1592,https://openalex.org/W3126760212,CN,country
1594,https://openalex.org/W3126760212,Jesus Gonzalez-Julian,author
1597,https://openalex.org/W3126760212,Marcin Rasinski,author
1600,https://openalex.org/W3126760212,Christian Linsmeier,author
1603,https://openalex.org/W3126760212,Martin Bram,author
1606,https://openalex.org/W3126760212,Jan Willem Coenen,author
1607,https://openalex.org/W3126760212,"Department of Engineering Physics, University of Wisconsin – Madison, Madison, WI 53706, USA; Forschungszentrum Jülich GmbH, Institut für Energie- und Klimaforschung, 52425 Jülich, Germany",institution
1609,https://openalex.org/W3126760212,US,country
1610,https://openalex.org/W3126760212,smart alloys,keyword
1611,https://openalex.org/W3126760212,armor material,keyword
1612,https://openalex.org/W3126760212,structural materials,keyword
